imsi,subscriber_type,plan_type,enterprise_account,roaming_enabled,home_plmn,registration_date,device_type
3102601000000000,Business,Data-Only,True,True,310-260,2023-12-03 11:31:49.950662,iPhone
3102601000000001,Consumer,Unlimited,False,True,310-260,2022-12-27 11:31:49.950690,Google Pixel
3102601000000002,Consumer,Essential,False,True,310-260,2023-01-15 11:31:49.950712,Google Pixel
3102601000000003,Consumer,Premium,False,True,310-260,2023-10-28 11:31:49.950734,Motorola
3102601000000004,Government,Unlimited,True,False,310-490,2024-10-21 11:31:49.950757,Tablet
3102601000000005,Enterprise,Unlimited,True,False,310-260,2021-06-05 11:31:49.950783,Samsung Galaxy
3102601000000006,Consumer,Premium,False,True,310-260,2025-10-03 11:31:49.950810,Mobile Hotspot
3102601000000007,Consumer,Premium,False,True,310-260,2022-09-18 11:31:49.950837,OnePlus
3102601000000008,Consumer,Essential,False,True,310-490,2021-05-27 11:31:49.950859,iPhone
3102601000000009,IoT,Essential,False,True,310-800,2022-07-02 11:31:49.950881,Tablet
3102601000000010,Consumer,Premium,False,True,310-260,2021-12-17 11:31:49.950903,IoT Module
3102601000000011,Consumer,Premium,False,True,310-260,2025-08-01 11:31:49.950925,iPhone
3102601000000012,Enterprise,Unlimited,True,False,310-260,2024-10-15 11:31:49.950946,Samsung Galaxy
3102601000000013,Consumer,Unlimited,False,True,310-260,2023-09-21 11:31:49.950967,Google Pixel
3102601000000014,Business,Data-Only,True,True,310-260,2021-02-17 11:31:49.950989,iPhone
3102601000000015,Consumer,Prepaid,False,False,310-260,2025-06-22 11:31:49.951010,Samsung Galaxy
3102601000000016,Business,Unlimited,True,True,310-260,2024-11-04 11:31:49.951031,iPhone
3102601000000017,Consumer,Premium,False,False,310-490,2023-09-14 11:31:49.951053,IoT Module
3102601000000018,Consumer,Unlimited,False,True,310-260,2024-10-30 11:31:49.951074,Motorola
3102601000000019,Consumer,Premium,False,True,310-260,2025-06-27 11:31:49.951095,Tablet
3102601000000020,Consumer,Data-Only,False,True,310-490,2024-04-04 11:31:49.951116,Tablet
3102601000000021,Business,Unlimited,True,True,310-260,2025-01-29 11:31:49.951138,IoT Module
3102601000000022,Enterprise,Data-Only,True,True,310-260,2021-01-17 11:31:49.951159,Motorola
3102601000000023,Business,Essential,True,False,310-260,2024-01-02 11:31:49.951180,Mobile Hotspot
3102601000000024,Consumer,Premium,False,True,310-260,2023-05-13 11:31:49.951201,Motorola
3102601000000025,Consumer,Premium,False,False,310-260,2025-07-17 11:31:49.951223,Tablet
3102601000000026,IoT,Unlimited,False,True,310-490,2022-05-30 11:31:49.951244,Mobile Hotspot
3102601000000027,Enterprise,Essential,True,True,310-260,2024-01-19 11:31:49.951265,Tablet
3102601000000028,Consumer,Unlimited,False,True,310-260,2024-10-04 11:31:49.951286,Tablet
3102601000000029,Consumer,Essential,False,False,310-260,2024-08-14 11:31:49.951307,Samsung Galaxy
3102601000000030,Enterprise,Premium,True,True,310-260,2025-09-04 11:31:49.951328,Mobile Hotspot
3102601000000031,Business,Prepaid,True,True,310-260,2022-03-03 11:31:49.951350,Tablet
3102601000000032,Consumer,Premium,False,True,310-260,2021-08-13 11:31:49.951371,IoT Module
3102601000000033,Consumer,Premium,False,True,310-260,2023-08-31 11:31:49.951392,Tablet
3102601000000034,IoT,Premium,False,True,310-260,2023-09-10 11:31:49.951413,Motorola
3102601000000035,Enterprise,Unlimited,True,True,310-260,2023-01-16 11:31:49.951434,Mobile Hotspot
3102601000000036,Consumer,Unlimited,False,True,310-800,2023-06-13 11:31:49.951455,IoT Module
3102601000000037,Enterprise,Data-Only,True,True,310-260,2021-09-27 11:31:49.951476,Google Pixel
3102601000000038,Consumer,Unlimited,False,False,310-260,2022-03-26 11:31:49.951497,Tablet
3102601000000039,Consumer,Unlimited,False,True,310-490,2025-07-01 11:31:49.951518,Samsung Galaxy
3102601000000040,Government,Prepaid,True,True,310-800,2025-08-09 11:31:49.951539,Google Pixel
3102601000000041,Consumer,Essential,False,True,310-260,2023-06-29 11:31:49.951560,iPhone
3102601000000042,Consumer,Essential,False,True,310-260,2021-09-18 11:31:49.951581,Tablet
3102601000000043,Enterprise,Unlimited,True,True,310-260,2022-06-18 11:31:49.951602,Motorola
3102601000000044,Business,Essential,True,True,310-260,2022-10-01 11:31:49.951646,Tablet
3102601000000045,IoT,Unlimited,False,True,310-260,2024-04-21 11:31:49.951704,Mobile Hotspot
3102601000000046,Consumer,Unlimited,False,True,310-260,2022-08-30 11:31:49.951762,IoT Module
3102601000000047,Business,Premium,True,True,310-490,2024-12-17 11:31:49.951820,Google Pixel
3102601000000048,Business,Prepaid,True,True,310-490,2024-06-10 11:31:49.951879,Mobile Hotspot
3102601000000049,Consumer,Premium,False,True,310-260,2023-01-30 11:31:49.951937,Google Pixel
3102601000000050,Enterprise,Unlimited,True,True,310-490,2021-04-18 11:31:49.951996,iPhone
3102601000000051,Consumer,Prepaid,False,False,310-260,2021-07-18 11:31:49.952060,OnePlus
3102601000000052,Consumer,Unlimited,False,True,310-260,2021-05-29 11:31:49.952119,OnePlus
3102601000000053,Consumer,Unlimited,False,False,310-260,2021-01-29 11:31:49.952178,Tablet
3102601000000054,Consumer,Unlimited,False,True,310-490,2023-01-07 11:31:49.952238,Mobile Hotspot
3102601000000055,Consumer,Data-Only,False,True,310-490,2024-09-20 11:31:49.952298,Tablet
3102601000000056,Consumer,Unlimited,False,True,310-260,2025-07-15 11:31:49.952356,Google Pixel
3102601000000057,Business,Prepaid,True,True,310-260,2022-11-11 11:31:49.952416,Mobile Hotspot
3102601000000058,Consumer,Essential,False,False,310-490,2024-03-15 11:31:49.952476,Google Pixel
3102601000000059,Consumer,Premium,False,True,310-260,2022-11-12 11:31:49.952535,Mobile Hotspot
3102601000000060,Enterprise,Essential,True,False,310-490,2024-06-20 11:31:49.952595,Tablet
3102601000000061,Consumer,Premium,False,True,310-260,2021-09-12 11:31:49.952654,Google Pixel
3102601000000062,Consumer,Prepaid,False,True,310-800,2025-02-23 11:31:49.952713,IoT Module
3102601000000063,Business,Unlimited,True,True,310-800,2024-12-19 11:31:49.952771,Motorola
3102601000000064,Enterprise,Essential,True,False,310-260,2020-12-26 11:31:49.952830,Google Pixel
3102601000000065,Business,Prepaid,True,True,310-800,2025-01-03 11:31:49.952890,OnePlus
3102601000000066,Consumer,Unlimited,False,True,310-260,2025-08-26 11:31:49.952948,iPhone
3102601000000067,IoT,Prepaid,False,True,310-260,2022-09-19 11:31:49.953008,IoT Module
3102601000000068,Consumer,Unlimited,False,True,310-260,2022-03-20 11:31:49.953067,iPhone
3102601000000069,Business,Premium,True,False,310-490,2023-11-27 11:31:49.953130,Tablet
3102601000000070,Consumer,Essential,False,True,310-260,2024-03-10 11:31:49.953203,IoT Module
3102601000000071,Consumer,Unlimited,False,True,310-800,2025-05-19 11:31:49.953273,OnePlus
3102601000000072,Consumer,Essential,False,False,310-490,2024-05-03 11:31:49.953337,Tablet
3102601000000073,Consumer,Premium,False,False,310-260,2022-09-16 11:31:49.953401,IoT Module
3102601000000074,Business,Unlimited,True,False,310-260,2021-06-12 11:31:49.953460,Tablet
3102601000000075,Business,Unlimited,True,False,310-490,2025-05-22 11:31:49.953519,IoT Module
3102601000000076,Enterprise,Essential,True,False,310-260,2024-07-26 11:31:49.953582,Samsung Galaxy
3102601000000077,Government,Unlimited,True,True,310-260,2025-02-24 11:31:49.953658,Google Pixel
3102601000000078,Business,Premium,True,False,310-800,2022-05-03 11:31:49.953723,IoT Module
3102601000000079,Consumer,Premium,False,False,310-260,2022-08-05 11:31:49.953787,Google Pixel
3102601000000080,Enterprise,Essential,True,True,310-260,2022-07-14 11:31:49.953847,Samsung Galaxy
3102601000000081,Consumer,Unlimited,False,True,310-800,2022-06-17 11:31:49.953915,Tablet
3102601000000082,Consumer,Unlimited,False,True,310-490,2022-06-08 11:31:49.953979,Motorola
3102601000000083,Consumer,Unlimited,False,False,310-260,2025-05-15 11:31:49.954037,Google Pixel
3102601000000084,Consumer,Unlimited,False,False,310-260,2024-06-05 11:31:49.954096,Tablet
3102601000000085,Consumer,Premium,False,True,310-260,2021-08-01 11:31:49.954155,Google Pixel
3102601000000086,IoT,Unlimited,False,True,310-800,2022-05-18 11:31:49.954210,OnePlus
3102601000000087,Consumer,Essential,False,False,310-260,2024-03-18 11:31:49.954259,OnePlus
3102601000000088,Consumer,Unlimited,False,False,310-800,2023-01-25 11:31:49.954309,IoT Module
3102601000000089,Enterprise,Prepaid,True,False,310-260,2023-08-25 11:31:49.954359,Mobile Hotspot
3102601000000090,Consumer,Essential,False,False,310-490,2024-06-11 11:31:49.954408,Tablet
3102601000000091,Consumer,Premium,False,True,310-490,2023-01-05 11:31:49.954458,Google Pixel
3102601000000092,Enterprise,Premium,True,False,310-490,2023-05-03 11:31:49.954507,Mobile Hotspot
3102601000000093,Consumer,Unlimited,False,True,310-260,2022-10-15 11:31:49.954558,Mobile Hotspot
3102601000000094,Consumer,Essential,False,True,310-260,2021-05-29 11:31:49.954608,OnePlus
3102601000000095,Consumer,Unlimited,False,True,310-260,2021-05-27 11:31:49.954633,Google Pixel
3102601000000096,Consumer,Unlimited,False,False,310-260,2022-12-19 11:31:49.954656,Google Pixel
3102601000000097,Consumer,Prepaid,False,True,310-260,2025-01-03 11:31:49.954677,Tablet
3102601000000098,IoT,Premium,False,True,310-260,2023-04-03 11:31:49.954699,Motorola
3102601000000099,Consumer,Prepaid,False,False,310-260,2024-05-29 11:31:49.954720,Samsung Galaxy
3102601000000100,Business,Premium,True,False,310-490,2023-04-24 11:31:49.954742,iPhone
3102601000000101,Consumer,Unlimited,False,True,310-260,2023-05-11 11:31:49.954764,Samsung Galaxy
3102601000000102,Consumer,Unlimited,False,True,310-260,2024-06-27 11:31:49.954785,Motorola
3102601000000103,Government,Premium,True,False,310-260,2023-01-31 11:31:49.954807,Mobile Hotspot
3102601000000104,Consumer,Essential,False,True,310-490,2021-03-16 11:31:49.954828,iPhone
3102601000000105,Enterprise,Unlimited,True,False,310-260,2023-04-24 11:31:49.954849,Tablet
3102601000000106,Consumer,Prepaid,False,False,310-260,2021-07-08 11:31:49.954871,Google Pixel
3102601000000107,Business,Essential,True,False,310-260,2022-07-21 11:31:49.954892,IoT Module
3102601000000108,Consumer,Essential,False,False,310-260,2024-12-03 11:31:49.954913,iPhone
3102601000000109,Consumer,Essential,False,True,310-260,2021-09-03 11:31:49.954935,IoT Module
3102601000000110,Consumer,Unlimited,False,False,310-260,2023-02-12 11:31:49.954957,iPhone
3102601000000111,Consumer,Unlimited,False,True,310-490,2024-08-31 11:31:49.954978,Motorola
3102601000000112,Consumer,Essential,False,True,310-260,2022-11-25 11:31:49.955000,Mobile Hotspot
3102601000000113,Consumer,Prepaid,False,True,310-260,2021-09-13 11:31:49.955021,OnePlus
3102601000000114,IoT,Premium,False,True,310-260,2025-05-08 11:31:49.955043,Tablet
3102601000000115,Consumer,Essential,False,True,310-800,2024-01-07 11:31:49.955065,Google Pixel
3102601000000116,Government,Essential,True,True,310-260,2024-08-09 11:31:49.955087,Mobile Hotspot
3102601000000117,Consumer,Essential,False,True,310-800,2023-12-03 11:31:49.955109,Motorola
3102601000000118,Consumer,Premium,False,True,310-260,2022-06-26 11:31:49.955131,Tablet
3102601000000119,Business,Unlimited,True,True,310-260,2022-07-17 11:31:49.955153,OnePlus
3102601000000120,Enterprise,Premium,True,False,310-490,2024-04-17 11:31:49.955176,Motorola
3102601000000121,Consumer,Prepaid,False,True,310-490,2024-02-10 11:31:49.955198,IoT Module
3102601000000122,Enterprise,Unlimited,True,True,310-490,2025-05-11 11:31:49.955246,Mobile Hotspot
3102601000000123,Consumer,Premium,False,True,310-260,2025-03-24 11:31:49.955295,Google Pixel
3102601000000124,Consumer,Unlimited,False,True,310-260,2021-10-28 11:31:49.955345,Motorola
3102601000000125,Consumer,Data-Only,False,False,310-490,2024-11-01 11:31:49.955395,Motorola
3102601000000126,Consumer,Unlimited,False,False,310-490,2023-10-07 11:31:49.955444,Motorola
3102601000000127,Government,Premium,True,False,310-260,2023-05-15 11:31:49.955494,Google Pixel
3102601000000128,Consumer,Unlimited,False,False,310-490,2022-08-01 11:31:49.955543,Tablet
3102601000000129,Business,Unlimited,True,False,310-260,2023-03-20 11:31:49.955595,iPhone
3102601000000130,Consumer,Essential,False,True,310-490,2024-09-23 11:31:49.955645,iPhone
3102601000000131,Consumer,Unlimited,False,True,310-260,2024-10-31 11:31:49.955694,iPhone
3102601000000132,Consumer,Essential,False,True,310-260,2022-03-29 11:31:49.955744,Google Pixel
3102601000000133,Business,Essential,True,False,310-260,2021-03-05 11:31:49.955793,Samsung Galaxy
3102601000000134,Enterprise,Premium,True,False,310-260,2023-10-21 11:31:49.955843,Google Pixel
3102601000000135,Consumer,Unlimited,False,True,310-260,2022-06-18 11:31:49.955893,Samsung Galaxy
3102601000000136,Consumer,Unlimited,False,False,310-260,2023-10-10 11:31:49.955942,iPhone
3102601000000137,Business,Unlimited,True,True,310-490,2023-06-24 11:31:49.955993,OnePlus
3102601000000138,Consumer,Essential,False,False,310-260,2025-05-30 11:31:49.956042,Google Pixel
3102601000000139,Business,Unlimited,True,True,310-260,2022-09-10 11:31:49.956092,Google Pixel
3102601000000140,Consumer,Unlimited,False,True,310-490,2025-03-20 11:31:49.956141,iPhone
3102601000000141,Consumer,Premium,False,False,310-260,2023-02-05 11:31:49.956190,Samsung Galaxy
3102601000000142,Consumer,Essential,False,False,310-260,2022-03-28 11:31:49.956216,Google Pixel
3102601000000143,Consumer,Premium,False,True,310-490,2022-08-21 11:31:49.956242,Samsung Galaxy
3102601000000144,Consumer,Essential,False,True,310-260,2022-02-10 11:31:49.956265,iPhone
3102601000000145,Business,Prepaid,True,True,310-260,2023-02-16 11:31:49.956289,Samsung Galaxy
3102601000000146,Enterprise,Essential,True,True,310-490,2021-12-17 11:31:49.956312,Samsung Galaxy
3102601000000147,IoT,Unlimited,False,True,310-490,2023-12-03 11:31:49.956337,IoT Module
3102601000000148,Consumer,Premium,False,True,310-490,2025-09-13 11:31:49.956361,Mobile Hotspot
3102601000000149,Consumer,Premium,False,True,310-260,2024-07-23 11:31:49.956384,iPhone
3102601000000150,Consumer,Essential,False,True,310-260,2024-10-01 11:31:49.956406,Mobile Hotspot
3102601000000151,IoT,Essential,False,True,310-800,2021-06-12 11:31:49.956430,OnePlus
3102601000000152,Business,Unlimited,True,True,310-260,2024-03-09 11:31:49.956452,IoT Module
3102601000000153,Consumer,Essential,False,False,310-800,2023-10-08 11:31:49.956475,iPhone
3102601000000154,Consumer,Data-Only,False,True,310-260,2023-06-13 11:31:49.956498,Samsung Galaxy
3102601000000155,Consumer,Premium,False,False,310-260,2023-08-31 11:31:49.956520,IoT Module
3102601000000156,Business,Prepaid,True,False,310-490,2021-11-26 11:31:49.956543,Motorola
3102601000000157,Consumer,Unlimited,False,True,310-800,2023-06-11 11:31:49.956566,Mobile Hotspot
3102601000000158,Consumer,Data-Only,False,False,310-260,2023-10-25 11:31:49.956594,IoT Module
3102601000000159,Consumer,Premium,False,True,310-260,2021-08-19 11:31:49.956618,OnePlus
3102601000000160,Enterprise,Essential,True,True,310-490,2022-09-24 11:31:49.956641,iPhone
3102601000000161,Consumer,Essential,False,True,310-260,2021-11-03 11:31:49.956665,Samsung Galaxy
3102601000000162,Consumer,Essential,False,True,310-490,2023-11-22 11:31:49.956688,IoT Module
3102601000000163,Consumer,Unlimited,False,True,310-490,2025-03-26 11:31:49.956711,OnePlus
3102601000000164,Consumer,Premium,False,True,310-800,2023-01-09 11:31:49.956736,Mobile Hotspot
3102601000000165,Consumer,Prepaid,False,True,310-260,2021-10-09 11:31:49.956760,OnePlus
3102601000000166,Consumer,Unlimited,False,True,310-260,2021-03-14 11:31:49.956783,OnePlus
3102601000000167,Business,Unlimited,True,True,310-800,2021-02-12 11:31:49.956806,Mobile Hotspot
3102601000000168,IoT,Premium,False,True,310-260,2025-04-08 11:31:49.956829,Google Pixel
3102601000000169,Consumer,Data-Only,False,True,310-800,2021-07-17 11:31:49.956851,Google Pixel
3102601000000170,Consumer,Unlimited,False,True,310-260,2022-01-22 11:31:49.956874,Samsung Galaxy
3102601000000171,Business,Unlimited,True,True,310-260,2023-12-30 11:31:49.956896,Google Pixel
3102601000000172,IoT,Prepaid,False,False,310-260,2025-05-30 11:31:49.956919,Motorola
3102601000000173,Business,Unlimited,True,True,310-260,2023-10-01 11:31:49.956942,OnePlus
3102601000000174,Consumer,Prepaid,False,False,310-260,2025-08-09 11:31:49.956965,iPhone
3102601000000175,Consumer,Essential,False,True,310-260,2023-10-21 11:31:49.956987,Motorola
3102601000000176,Consumer,Essential,False,False,310-260,2022-10-10 11:31:49.957009,Mobile Hotspot
3102601000000177,Consumer,Unlimited,False,False,310-260,2023-10-20 11:31:49.957031,iPhone
3102601000000178,IoT,Premium,False,True,310-260,2023-11-09 11:31:49.957055,Motorola
3102601000000179,Consumer,Prepaid,False,True,310-260,2021-10-26 11:31:49.957079,Mobile Hotspot
3102601000000180,Consumer,Essential,False,True,310-260,2023-10-18 11:31:49.957102,IoT Module
3102601000000181,Consumer,Premium,False,False,310-260,2024-02-09 11:31:49.957125,iPhone
3102601000000182,Consumer,Essential,False,True,310-490,2022-09-08 11:31:49.957148,OnePlus
3102601000000183,Consumer,Unlimited,False,True,310-260,2023-07-07 11:31:49.957171,iPhone
3102601000000184,Consumer,Premium,False,False,310-490,2025-05-05 11:31:49.957195,Motorola
3102601000000185,Business,Data-Only,True,True,310-260,2023-02-26 11:31:49.957218,Samsung Galaxy
3102601000000186,Consumer,Premium,False,True,310-260,2024-11-21 11:31:49.957240,iPhone
3102601000000187,Consumer,Unlimited,False,True,310-260,2024-02-27 11:31:49.957263,Google Pixel
3102601000000188,Consumer,Unlimited,False,True,310-260,2025-09-24 11:31:49.957285,OnePlus
3102601000000189,Consumer,Premium,False,False,310-260,2025-04-21 11:31:49.957307,Mobile Hotspot
3102601000000190,Business,Premium,True,False,310-260,2024-08-21 11:31:49.957330,OnePlus
3102601000000191,Business,Prepaid,True,True,310-260,2022-09-20 11:31:49.957352,iPhone
3102601000000192,Business,Premium,True,True,310-260,2021-03-29 11:31:49.957376,iPhone
3102601000000193,Enterprise,Premium,True,True,310-260,2021-10-03 11:31:49.957400,Mobile Hotspot
3102601000000194,Consumer,Essential,False,False,310-260,2024-10-03 11:31:49.957422,Google Pixel
3102601000000195,Consumer,Premium,False,True,310-260,2024-10-20 11:31:49.957447,Google Pixel
3102601000000196,Consumer,Essential,False,True,310-260,2021-08-08 11:31:49.957470,iPhone
3102601000000197,Consumer,Essential,False,False,310-490,2022-03-27 11:31:49.957494,Mobile Hotspot
3102601000000198,Consumer,Unlimited,False,False,310-800,2024-03-09 11:31:49.957518,Google Pixel
3102601000000199,Consumer,Premium,False,False,310-260,2022-02-12 11:31:49.957541,Mobile Hotspot
3102601000000200,Consumer,Unlimited,False,True,310-260,2025-03-20 11:31:49.957564,Samsung Galaxy
3102601000000201,Consumer,Premium,False,True,310-260,2023-05-04 11:31:49.957586,Samsung Galaxy
3102601000000202,Consumer,Premium,False,True,310-260,2020-12-12 11:31:49.957608,Google Pixel
3102601000000203,Consumer,Prepaid,False,True,310-490,2022-05-13 11:31:49.957630,IoT Module
3102601000000204,Consumer,Prepaid,False,True,310-260,2024-06-05 11:31:49.957652,Tablet
3102601000000205,Consumer,Premium,False,True,310-260,2024-01-30 11:31:49.957674,Samsung Galaxy
3102601000000206,Consumer,Unlimited,False,True,310-490,2021-08-08 11:31:49.957696,Samsung Galaxy
3102601000000207,IoT,Prepaid,False,False,310-490,2025-06-25 11:31:49.957724,IoT Module
3102601000000208,Consumer,Premium,False,True,310-490,2024-09-09 11:31:49.957755,iPhone
3102601000000209,Government,Prepaid,True,True,310-260,2022-07-04 11:31:49.957777,Mobile Hotspot
3102601000000210,Consumer,Unlimited,False,True,310-260,2021-06-27 11:31:49.957799,Tablet
3102601000000211,Consumer,Unlimited,False,True,310-260,2025-06-30 11:31:49.957821,Motorola
3102601000000212,Consumer,Premium,False,True,310-260,2023-03-08 11:31:49.957843,Motorola
3102601000000213,Consumer,Premium,False,True,310-260,2024-10-19 11:31:49.957865,Motorola
3102601000000214,Consumer,Unlimited,False,True,310-260,2020-12-11 11:31:49.957887,Samsung Galaxy
3102601000000215,Consumer,Premium,False,False,310-490,2022-11-10 11:31:49.957910,Motorola
3102601000000216,Business,Unlimited,True,True,310-260,2024-11-19 11:31:49.957932,iPhone
3102601000000217,Consumer,Unlimited,False,True,310-490,2021-10-10 11:31:49.957954,iPhone
3102601000000218,Consumer,Essential,False,False,310-260,2023-10-13 11:31:49.957976,Motorola
3102601000000219,Consumer,Unlimited,False,True,310-260,2022-06-23 11:31:49.957998,iPhone
3102601000000220,Consumer,Data-Only,False,True,310-260,2023-10-10 11:31:49.958019,Motorola
3102601000000221,Consumer,Unlimited,False,True,310-260,2021-12-09 11:31:49.958041,Tablet
3102601000000222,Consumer,Essential,False,True,310-260,2023-01-16 11:31:49.958064,Motorola
3102601000000223,Consumer,Essential,False,False,310-490,2022-07-06 11:31:49.958086,Tablet
3102601000000224,Business,Unlimited,True,True,310-490,2025-03-25 11:31:49.958108,Mobile Hotspot
3102601000000225,Enterprise,Prepaid,True,True,310-260,2025-07-13 11:31:49.958130,Tablet
3102601000000226,Consumer,Premium,False,False,310-800,2024-09-17 11:31:49.958156,iPhone
3102601000000227,Consumer,Prepaid,False,True,310-260,2021-06-05 11:31:49.958178,Mobile Hotspot
3102601000000228,Consumer,Unlimited,False,True,310-260,2023-12-20 11:31:49.958201,Motorola
3102601000000229,Business,Essential,True,False,310-260,2023-10-04 11:31:49.958223,Tablet
3102601000000230,Consumer,Premium,False,True,310-260,2021-11-26 11:31:49.958244,Motorola
3102601000000231,Consumer,Unlimited,False,False,310-260,2024-08-19 11:31:49.958266,OnePlus
3102601000000232,Consumer,Prepaid,False,False,310-260,2023-02-19 11:31:49.958289,Mobile Hotspot
3102601000000233,Enterprise,Prepaid,True,True,310-800,2024-04-06 11:31:49.958311,Tablet
3102601000000234,Consumer,Essential,False,False,310-260,2023-11-04 11:31:49.958332,Motorola
3102601000000235,Consumer,Premium,False,True,310-260,2022-09-24 11:31:49.958354,Google Pixel
3102601000000236,Business,Prepaid,True,True,310-260,2023-04-12 11:31:49.958377,IoT Module
3102601000000237,Consumer,Prepaid,False,False,310-800,2023-08-22 11:31:49.958399,Samsung Galaxy
3102601000000238,Business,Data-Only,True,True,310-260,2024-10-08 11:31:49.958421,Samsung Galaxy
3102601000000239,Business,Premium,True,True,310-490,2022-06-07 11:31:49.958444,Google Pixel
3102601000000240,Consumer,Prepaid,False,True,310-800,2024-05-30 11:31:49.958466,Google Pixel
3102601000000241,IoT,Unlimited,False,True,310-260,2021-06-07 11:31:49.958488,Mobile Hotspot
3102601000000242,Business,Premium,True,True,310-260,2024-07-15 11:31:49.958510,IoT Module
3102601000000243,Business,Premium,True,True,310-260,2021-04-01 11:31:49.958533,Mobile Hotspot
3102601000000244,Consumer,Premium,False,True,310-260,2020-12-16 11:31:49.958555,Motorola
3102601000000245,Consumer,Prepaid,False,True,310-260,2023-12-22 11:31:49.958577,Mobile Hotspot
3102601000000246,Consumer,Essential,False,False,310-260,2024-12-21 11:31:49.958599,Samsung Galaxy
3102601000000247,Business,Prepaid,True,False,310-490,2025-08-05 11:31:49.958621,Google Pixel
3102601000000248,Consumer,Essential,False,True,310-490,2023-11-19 11:31:49.958649,iPhone
3102601000000249,IoT,Data-Only,False,False,310-260,2023-05-22 11:31:49.958673,iPhone
3102601000000250,Business,Premium,True,True,310-260,2025-02-16 11:31:49.958695,Tablet
3102601000000251,Enterprise,Unlimited,True,False,310-260,2024-02-17 11:31:49.958718,Samsung Galaxy
3102601000000252,IoT,Essential,False,False,310-260,2023-05-24 11:31:49.958741,Tablet
3102601000000253,Business,Premium,True,True,310-260,2022-07-28 11:31:49.958762,OnePlus
3102601000000254,Business,Premium,True,True,310-800,2025-01-23 11:31:49.958785,Samsung Galaxy
3102601000000255,Consumer,Essential,False,True,310-260,2021-07-20 11:31:49.958807,Google Pixel
3102601000000256,Consumer,Essential,False,False,310-490,2025-03-13 11:31:49.958829,IoT Module
3102601000000257,Enterprise,Unlimited,True,True,310-260,2025-09-24 11:31:49.958852,iPhone
3102601000000258,Consumer,Unlimited,False,True,310-800,2025-05-15 11:31:49.958874,OnePlus
3102601000000259,Consumer,Unlimited,False,True,310-260,2022-01-15 11:31:49.958897,iPhone
3102601000000260,Enterprise,Essential,True,False,310-490,2021-05-04 11:31:49.958919,Tablet
3102601000000261,Consumer,Premium,False,True,310-490,2021-08-06 11:31:49.958941,Tablet
3102601000000262,Consumer,Premium,False,True,310-800,2020-12-23 11:31:49.958964,IoT Module
3102601000000263,Consumer,Unlimited,False,True,310-800,2022-07-09 11:31:49.958986,IoT Module
3102601000000264,Consumer,Unlimited,False,True,310-260,2023-01-18 11:31:49.959008,Samsung Galaxy
3102601000000265,Business,Prepaid,True,True,310-260,2022-05-11 11:31:49.959030,Mobile Hotspot
3102601000000266,Business,Essential,True,False,310-260,2021-07-08 11:31:49.959056,IoT Module
3102601000000267,Consumer,Unlimited,False,True,310-260,2022-02-07 11:31:49.959080,IoT Module
3102601000000268,Business,Premium,True,True,310-260,2021-07-11 11:31:49.959103,IoT Module
3102601000000269,Consumer,Essential,False,False,310-260,2025-02-05 11:31:49.959125,OnePlus
3102601000000270,Consumer,Essential,False,True,310-260,2024-04-14 11:31:49.959147,Tablet
3102601000000271,Consumer,Premium,False,True,310-260,2023-11-06 11:31:49.959169,OnePlus
3102601000000272,Business,Premium,True,True,310-260,2020-12-28 11:31:49.959191,iPhone
3102601000000273,Consumer,Premium,False,False,310-260,2024-07-26 11:31:49.959213,IoT Module
3102601000000274,Consumer,Prepaid,False,True,310-260,2023-05-27 11:31:49.959235,IoT Module
3102601000000275,Business,Premium,True,True,310-490,2023-10-19 11:31:49.959257,Google Pixel
3102601000000276,Business,Unlimited,True,True,310-260,2021-10-25 11:31:49.959279,Mobile Hotspot
3102601000000277,Business,Unlimited,True,False,310-260,2021-07-12 11:31:49.959301,IoT Module
3102601000000278,Consumer,Unlimited,False,True,310-260,2021-04-11 11:31:49.959323,IoT Module
3102601000000279,Consumer,Data-Only,False,False,310-260,2024-08-23 11:31:49.959345,Mobile Hotspot
3102601000000280,Consumer,Unlimited,False,False,310-490,2023-09-27 11:31:49.959367,OnePlus
3102601000000281,Business,Prepaid,True,False,310-260,2024-01-20 11:31:49.959389,iPhone
3102601000000282,Consumer,Premium,False,True,310-260,2022-10-31 11:31:49.959412,Samsung Galaxy
3102601000000283,IoT,Prepaid,False,False,310-490,2021-09-23 11:31:49.959434,Tablet
3102601000000284,Consumer,Unlimited,False,False,310-260,2023-04-08 11:31:49.959456,Mobile Hotspot
3102601000000285,Business,Essential,True,True,310-260,2025-07-31 11:31:49.959478,iPhone
3102601000000286,Consumer,Premium,False,True,310-260,2024-06-26 11:31:49.959501,Samsung Galaxy
3102601000000287,Business,Prepaid,True,False,310-800,2023-06-26 11:31:49.959523,Tablet
3102601000000288,Consumer,Premium,False,False,310-260,2023-10-28 11:31:49.959545,Motorola
3102601000000289,Consumer,Prepaid,False,False,310-490,2021-03-08 11:31:49.959567,iPhone
3102601000000290,Business,Premium,True,True,310-490,2022-05-26 11:31:49.959589,Mobile Hotspot
3102601000000291,IoT,Essential,False,True,310-260,2025-03-25 11:31:49.959612,OnePlus
3102601000000292,Consumer,Unlimited,False,True,310-490,2024-12-10 11:31:49.959634,Mobile Hotspot
3102601000000293,Business,Unlimited,True,True,310-260,2021-11-08 11:31:49.959656,Google Pixel
3102601000000294,Consumer,Unlimited,False,True,310-800,2022-07-26 11:31:49.959677,IoT Module
3102601000000295,Consumer,Essential,False,True,310-490,2024-10-14 11:31:49.959699,Tablet
3102601000000296,Consumer,Unlimited,False,True,310-260,2025-10-11 11:31:49.959722,Mobile Hotspot
3102601000000297,Consumer,Prepaid,False,True,310-490,2025-03-05 11:31:49.959744,Motorola
3102601000000298,Business,Essential,True,True,310-260,2025-02-08 11:31:49.959767,IoT Module
3102601000000299,Consumer,Unlimited,False,False,310-260,2025-06-16 11:31:49.959790,Google Pixel
3102601000000300,Consumer,Unlimited,False,False,310-800,2021-03-10 11:31:49.959812,iPhone
3102601000000301,Business,Unlimited,True,True,310-490,2022-09-01 11:31:49.959834,iPhone
3102601000000302,Consumer,Unlimited,False,True,310-260,2021-11-18 11:31:49.959858,IoT Module
3102601000000303,Consumer,Essential,False,True,310-260,2025-07-04 11:31:49.959882,IoT Module
3102601000000304,Government,Essential,True,True,310-490,2022-09-04 11:31:49.959904,Mobile Hotspot
3102601000000305,Consumer,Prepaid,False,True,310-260,2022-06-15 11:31:49.959926,OnePlus
3102601000000306,Consumer,Prepaid,False,False,310-260,2022-02-24 11:31:49.959953,Motorola
3102601000000307,Consumer,Unlimited,False,True,310-260,2025-05-31 11:31:49.959978,OnePlus
3102601000000308,Consumer,Prepaid,False,True,310-490,2023-05-25 11:31:49.960000,Google Pixel
3102601000000309,Consumer,Premium,False,False,310-490,2023-06-02 11:31:49.960026,Google Pixel
3102601000000310,Consumer,Essential,False,True,310-260,2023-02-01 11:31:49.960048,Samsung Galaxy
3102601000000311,Consumer,Unlimited,False,True,310-490,2024-08-22 11:31:49.960073,iPhone
3102601000000312,Consumer,Data-Only,False,True,310-490,2020-12-19 11:31:49.960096,Google Pixel
3102601000000313,Enterprise,Premium,True,False,310-260,2022-07-30 11:31:49.960118,iPhone
3102601000000314,Consumer,Data-Only,False,True,310-490,2024-08-02 11:31:49.960141,OnePlus
3102601000000315,IoT,Prepaid,False,True,310-490,2020-12-27 11:31:49.960163,Motorola
3102601000000316,Business,Unlimited,True,False,310-260,2025-04-02 11:31:49.960186,Mobile Hotspot
3102601000000317,Consumer,Essential,False,False,310-260,2024-07-22 11:31:49.960208,Motorola
3102601000000318,Consumer,Premium,False,True,310-260,2022-01-05 11:31:49.960231,iPhone
3102601000000319,Business,Essential,True,True,310-490,2025-03-06 11:31:49.960253,OnePlus
3102601000000320,Consumer,Premium,False,True,310-260,2022-11-21 11:31:49.960276,OnePlus
3102601000000321,Business,Premium,True,True,310-260,2024-02-08 11:31:49.960300,IoT Module
3102601000000322,Enterprise,Prepaid,True,False,310-260,2022-06-06 11:31:49.960322,Motorola
3102601000000323,Consumer,Prepaid,False,True,310-260,2021-06-06 11:31:49.960344,Samsung Galaxy
3102601000000324,Consumer,Essential,False,True,310-260,2024-12-04 11:31:49.960366,Google Pixel
3102601000000325,Consumer,Prepaid,False,False,310-260,2021-04-15 11:31:49.960388,Samsung Galaxy
3102601000000326,Consumer,Prepaid,False,True,310-260,2025-07-12 11:31:49.960410,Mobile Hotspot
3102601000000327,Government,Unlimited,True,True,310-490,2021-02-17 11:31:49.960435,iPhone
3102601000000328,Business,Essential,True,True,310-260,2024-06-05 11:31:49.960459,IoT Module
3102601000000329,Consumer,Essential,False,True,310-260,2025-02-22 11:31:49.960482,OnePlus
3102601000000330,Enterprise,Premium,True,True,310-260,2025-08-26 11:31:49.960505,Samsung Galaxy
3102601000000331,Consumer,Unlimited,False,True,310-490,2021-03-26 11:31:49.960528,Motorola
3102601000000332,Business,Prepaid,True,True,310-260,2022-10-23 11:31:49.960552,OnePlus
3102601000000333,Business,Premium,True,True,310-260,2021-01-14 11:31:49.960575,Mobile Hotspot
3102601000000334,Enterprise,Essential,True,False,310-260,2022-03-16 11:31:49.960598,OnePlus
3102601000000335,Enterprise,Unlimited,True,True,310-260,2023-09-17 11:31:49.960624,Motorola
3102601000000336,Enterprise,Premium,True,True,310-260,2022-01-10 11:31:49.960648,Motorola
3102601000000337,Consumer,Prepaid,False,False,310-260,2022-01-08 11:31:49.960670,Google Pixel
3102601000000338,Consumer,Unlimited,False,False,310-490,2021-03-27 11:31:49.960695,iPhone
3102601000000339,Business,Prepaid,True,True,310-260,2021-06-18 11:31:49.960718,Tablet
3102601000000340,Consumer,Data-Only,False,True,310-260,2021-01-23 11:31:49.960740,IoT Module
3102601000000341,Consumer,Essential,False,True,310-260,2024-09-02 11:31:49.960762,iPhone
3102601000000342,Consumer,Premium,False,True,310-490,2024-07-18 11:31:49.960784,Samsung Galaxy
3102601000000343,Consumer,Premium,False,True,310-260,2025-02-18 11:31:49.960810,OnePlus
3102601000000344,IoT,Unlimited,False,False,310-490,2021-11-10 11:31:49.960834,Motorola
3102601000000345,Enterprise,Prepaid,True,True,310-490,2023-01-04 11:31:49.960856,OnePlus
3102601000000346,Consumer,Essential,False,True,310-260,2025-09-08 11:31:49.960879,Mobile Hotspot
3102601000000347,Consumer,Data-Only,False,True,310-800,2022-04-22 11:31:49.960905,Mobile Hotspot
3102601000000348,Consumer,Premium,False,True,310-260,2021-04-29 11:31:49.960928,Samsung Galaxy
3102601000000349,Consumer,Essential,False,False,310-260,2023-06-30 11:31:49.960950,Samsung Galaxy
3102601000000350,Consumer,Unlimited,False,True,310-260,2023-04-27 11:31:49.960973,Motorola
3102601000000351,Consumer,Unlimited,False,True,310-260,2023-01-04 11:31:49.960995,Motorola
3102601000000352,Business,Premium,True,True,310-490,2021-11-09 11:31:49.961016,Tablet
3102601000000353,Consumer,Unlimited,False,True,310-260,2024-07-20 11:31:49.961039,Motorola
3102601000000354,Enterprise,Premium,True,True,310-800,2022-04-28 11:31:49.961061,IoT Module
3102601000000355,Consumer,Prepaid,False,True,310-800,2021-05-12 11:31:49.961083,Motorola
3102601000000356,Consumer,Premium,False,True,310-260,2024-08-22 11:31:49.961105,Google Pixel
3102601000000357,Consumer,Essential,False,False,310-490,2024-06-28 11:31:49.961127,iPhone
3102601000000358,Enterprise,Data-Only,True,True,310-260,2022-06-29 11:31:49.961399,OnePlus
3102601000000359,Consumer,Unlimited,False,True,310-260,2023-07-17 11:31:49.961428,Google Pixel
3102601000000360,Consumer,Prepaid,False,False,310-490,2025-09-01 11:31:49.961451,Tablet
3102601000000361,Consumer,Premium,False,False,310-490,2025-03-18 11:31:49.961474,iPhone
3102601000000362,Business,Data-Only,True,True,310-260,2025-04-03 11:31:49.961496,Mobile Hotspot
3102601000000363,Enterprise,Data-Only,True,True,310-260,2025-02-09 11:31:49.961519,Motorola
3102601000000364,Consumer,Prepaid,False,True,310-260,2022-08-10 11:31:49.961542,iPhone
3102601000000365,Enterprise,Unlimited,True,False,310-490,2024-11-06 11:31:49.961564,Motorola
3102601000000366,Consumer,Essential,False,True,310-260,2025-02-10 11:31:49.961588,Motorola
3102601000000367,Consumer,Essential,False,True,310-260,2023-01-24 11:31:49.961611,Mobile Hotspot
3102601000000368,Consumer,Unlimited,False,True,310-260,2022-04-28 11:31:49.961634,iPhone
3102601000000369,Consumer,Premium,False,True,310-260,2025-06-17 11:31:49.961657,iPhone
3102601000000370,Business,Prepaid,True,True,310-260,2025-03-11 11:31:49.961683,Samsung Galaxy
3102601000000371,Consumer,Prepaid,False,False,310-260,2023-01-08 11:31:49.961709,Mobile Hotspot
3102601000000372,Consumer,Premium,False,True,310-260,2021-01-27 11:31:49.961735,IoT Module
3102601000000373,Consumer,Premium,False,False,310-260,2025-07-04 11:31:49.961766,OnePlus
3102601000000374,Government,Prepaid,True,True,310-260,2024-02-03 11:31:49.961788,IoT Module
3102601000000375,Consumer,Premium,False,False,310-260,2022-11-15 11:31:49.961811,Samsung Galaxy
3102601000000376,Consumer,Essential,False,True,310-260,2022-02-28 11:31:49.961834,Motorola
3102601000000377,IoT,Essential,False,True,310-260,2024-09-11 11:31:49.961857,Google Pixel
3102601000000378,Consumer,Prepaid,False,True,310-490,2024-04-03 11:31:49.961879,Tablet
3102601000000379,Business,Premium,True,True,310-490,2023-04-29 11:31:49.961902,Google Pixel
3102601000000380,Consumer,Unlimited,False,True,310-260,2021-07-11 11:31:49.961924,Mobile Hotspot
3102601000000381,Consumer,Unlimited,False,True,310-260,2024-04-09 11:31:49.961946,OnePlus
3102601000000382,IoT,Unlimited,False,True,310-260,2022-10-23 11:31:49.961982,OnePlus
3102601000000383,Business,Unlimited,True,True,310-260,2023-10-07 11:31:49.962004,Motorola
3102601000000384,Business,Unlimited,True,True,310-260,2024-09-06 11:31:49.962028,Samsung Galaxy
3102601000000385,Consumer,Prepaid,False,True,310-490,2024-11-11 11:31:49.962055,Google Pixel
3102601000000386,Consumer,Premium,False,True,310-260,2021-04-22 11:31:49.962077,OnePlus
3102601000000387,Business,Premium,True,True,310-260,2021-05-09 11:31:49.962100,OnePlus
3102601000000388,Enterprise,Unlimited,True,False,310-490,2025-04-03 11:31:49.962122,Tablet
3102601000000389,Consumer,Premium,False,True,310-260,2021-01-31 11:31:49.962144,IoT Module
3102601000000390,Consumer,Prepaid,False,True,310-490,2022-05-02 11:31:49.962167,Mobile Hotspot
3102601000000391,Consumer,Unlimited,False,True,310-260,2023-12-10 11:31:49.962190,iPhone
3102601000000392,Consumer,Premium,False,True,310-260,2022-08-31 11:31:49.962211,Motorola
3102601000000393,Consumer,Premium,False,False,310-260,2024-11-20 11:31:49.962233,OnePlus
3102601000000394,Business,Essential,True,True,310-260,2025-06-06 11:31:49.962255,OnePlus
3102601000000395,Consumer,Prepaid,False,True,310-490,2023-07-31 11:31:49.962277,Mobile Hotspot
3102601000000396,Consumer,Unlimited,False,True,310-260,2022-12-18 11:31:49.962299,Mobile Hotspot
3102601000000397,IoT,Unlimited,False,True,310-260,2022-11-08 11:31:49.962321,Google Pixel
3102601000000398,Business,Unlimited,True,True,310-490,2025-03-27 11:31:49.962343,Google Pixel
3102601000000399,IoT,Unlimited,False,True,310-260,2021-11-04 11:31:49.962365,IoT Module
3102601000000400,Business,Prepaid,True,False,310-260,2021-09-05 11:31:49.962387,Tablet
3102601000000401,Consumer,Essential,False,False,310-260,2025-05-14 11:31:49.962410,iPhone
3102601000000402,Consumer,Unlimited,False,True,310-260,2022-07-16 11:31:49.962433,Tablet
3102601000000403,Consumer,Essential,False,False,310-260,2021-05-28 11:31:49.962456,iPhone
3102601000000404,Consumer,Prepaid,False,True,310-260,2022-02-11 11:31:49.962478,OnePlus
3102601000000405,Consumer,Unlimited,False,False,310-260,2024-04-30 11:31:49.962500,iPhone
3102601000000406,Consumer,Premium,False,True,310-800,2025-05-29 11:31:49.962523,Google Pixel
3102601000000407,Consumer,Premium,False,False,310-260,2023-03-28 11:31:49.962545,Tablet
3102601000000408,Government,Premium,True,True,310-490,2024-06-01 11:31:49.962567,OnePlus
3102601000000409,Consumer,Essential,False,True,310-260,2023-05-18 11:31:49.962589,Samsung Galaxy
3102601000000410,Consumer,Essential,False,True,310-260,2021-06-18 11:31:49.962611,Samsung Galaxy
3102601000000411,Consumer,Prepaid,False,False,310-260,2023-01-15 11:31:49.962634,Tablet
3102601000000412,Consumer,Unlimited,False,True,310-260,2024-07-24 11:31:49.962658,Google Pixel
3102601000000413,IoT,Unlimited,False,True,310-260,2024-04-10 11:31:49.962680,Tablet
3102601000000414,Consumer,Data-Only,False,True,310-260,2024-10-23 11:31:49.962702,Google Pixel
3102601000000415,Consumer,Essential,False,True,310-490,2023-01-18 11:31:49.962724,OnePlus
3102601000000416,Consumer,Premium,False,False,310-800,2024-05-23 11:31:49.962746,Motorola
3102601000000417,IoT,Prepaid,False,False,310-490,2021-03-25 11:31:49.962768,OnePlus
3102601000000418,Consumer,Prepaid,False,True,310-260,2025-03-11 11:31:49.962790,Mobile Hotspot
3102601000000419,Enterprise,Essential,True,False,310-490,2021-08-22 11:31:49.962812,Google Pixel
3102601000000420,Consumer,Unlimited,False,True,310-260,2021-05-27 11:31:49.962834,IoT Module
3102601000000421,Consumer,Premium,False,True,310-490,2024-04-03 11:31:49.962856,OnePlus
3102601000000422,Consumer,Prepaid,False,True,310-260,2024-04-05 11:31:49.962878,iPhone
3102601000000423,Consumer,Premium,False,False,310-260,2024-01-31 11:31:49.962901,Tablet
3102601000000424,Business,Prepaid,True,True,310-260,2022-03-16 11:31:49.962923,IoT Module
3102601000000425,Consumer,Essential,False,True,310-260,2025-05-25 11:31:49.962945,iPhone
3102601000000426,Consumer,Essential,False,True,310-260,2021-09-25 11:31:49.962967,Tablet
3102601000000427,Enterprise,Premium,True,False,310-260,2024-01-04 11:31:49.962989,IoT Module
3102601000000428,Consumer,Premium,False,True,310-260,2024-07-17 11:31:49.963011,IoT Module
3102601000000429,Consumer,Data-Only,False,False,310-490,2024-06-01 11:31:49.963033,iPhone
3102601000000430,Consumer,Prepaid,False,False,310-260,2024-05-20 11:31:49.963055,Google Pixel
3102601000000431,Business,Essential,True,True,310-490,2024-01-07 11:31:49.963077,Motorola
3102601000000432,Enterprise,Unlimited,True,False,310-490,2024-02-17 11:31:49.963099,OnePlus
3102601000000433,Enterprise,Unlimited,True,True,310-260,2021-06-30 11:31:49.963121,OnePlus
3102601000000434,Enterprise,Essential,True,True,310-490,2021-05-28 11:31:49.963144,Motorola
3102601000000435,Consumer,Essential,False,True,310-800,2025-06-11 11:31:49.963166,Mobile Hotspot
3102601000000436,Consumer,Data-Only,False,True,310-490,2024-07-03 11:31:49.963188,Google Pixel
3102601000000437,Consumer,Unlimited,False,False,310-260,2021-07-24 11:31:49.963210,Tablet
3102601000000438,Consumer,Unlimited,False,True,310-800,2022-02-18 11:31:49.963232,IoT Module
3102601000000439,Consumer,Premium,False,False,310-260,2024-08-03 11:31:49.963255,Google Pixel
3102601000000440,Consumer,Unlimited,False,False,310-490,2021-06-20 11:31:49.963277,Mobile Hotspot
3102601000000441,Consumer,Premium,False,True,310-260,2021-02-25 11:31:49.963299,iPhone
3102601000000442,Business,Unlimited,True,True,310-260,2021-07-29 11:31:49.963321,Motorola
3102601000000443,Consumer,Prepaid,False,True,310-260,2021-04-02 11:31:49.963343,Google Pixel
3102601000000444,Business,Premium,True,True,310-490,2023-12-18 11:31:49.963366,IoT Module
3102601000000445,Business,Unlimited,True,True,310-260,2023-10-04 11:31:49.963387,Google Pixel
3102601000000446,Business,Essential,True,True,310-260,2023-08-21 11:31:49.963409,Tablet
3102601000000447,Consumer,Premium,False,True,310-490,2022-12-05 11:31:49.963431,Google Pixel
3102601000000448,Consumer,Essential,False,True,310-260,2022-12-08 11:31:49.963453,Mobile Hotspot
3102601000000449,Consumer,Unlimited,False,False,310-490,2022-02-02 11:31:49.963475,iPhone
3102601000000450,Business,Essential,True,True,310-800,2025-07-02 11:31:49.963497,Google Pixel
3102601000000451,Government,Premium,True,True,310-800,2023-07-01 11:31:49.963519,Tablet
3102601000000452,Consumer,Prepaid,False,True,310-260,2025-07-16 11:31:49.963541,Tablet
3102601000000453,Business,Prepaid,True,True,310-260,2021-05-09 11:31:49.963566,Tablet
3102601000000454,Consumer,Prepaid,False,False,310-260,2024-01-16 11:31:49.963590,iPhone
3102601000000455,Consumer,Data-Only,False,False,310-260,2024-11-07 11:31:49.963612,OnePlus
3102601000000456,Consumer,Data-Only,False,True,310-490,2022-04-07 11:31:49.963634,Mobile Hotspot
3102601000000457,Enterprise,Unlimited,True,True,310-260,2021-07-18 11:31:49.963656,Samsung Galaxy
3102601000000458,Consumer,Prepaid,False,True,310-260,2024-05-13 11:31:49.963678,IoT Module
3102601000000459,Consumer,Premium,False,False,310-260,2024-04-24 11:31:49.963700,Google Pixel
3102601000000460,Consumer,Prepaid,False,True,310-260,2022-03-02 11:31:49.963723,OnePlus
3102601000000461,IoT,Prepaid,False,True,310-260,2024-04-01 11:31:49.963744,Samsung Galaxy
3102601000000462,Consumer,Data-Only,False,True,310-260,2025-06-25 11:31:49.963766,Google Pixel
3102601000000463,Consumer,Premium,False,True,310-800,2024-12-25 11:31:49.963788,Tablet
3102601000000464,Consumer,Prepaid,False,True,310-260,2025-03-03 11:31:49.963810,IoT Module
3102601000000465,Consumer,Unlimited,False,False,310-490,2020-12-31 11:31:49.963832,IoT Module
3102601000000466,Consumer,Premium,False,True,310-260,2024-09-01 11:31:49.963854,Mobile Hotspot
3102601000000467,Consumer,Premium,False,False,310-260,2021-06-16 11:31:49.963876,Mobile Hotspot
3102601000000468,Consumer,Prepaid,False,True,310-260,2022-09-22 11:31:49.963898,Google Pixel
3102601000000469,Enterprise,Premium,True,True,310-490,2022-05-10 11:31:49.963920,Mobile Hotspot
3102601000000470,Business,Unlimited,True,False,310-260,2024-04-05 11:31:49.963942,iPhone
3102601000000471,Consumer,Unlimited,False,True,310-260,2022-01-29 11:31:49.963965,Google Pixel
3102601000000472,Enterprise,Essential,True,False,310-800,2022-03-30 11:31:49.963988,Google Pixel
3102601000000473,Enterprise,Premium,True,True,310-800,2021-04-23 11:31:49.964009,Tablet
3102601000000474,Consumer,Unlimited,False,True,310-260,2024-06-06 11:31:49.964030,Samsung Galaxy
3102601000000475,Enterprise,Essential,True,True,310-260,2023-08-16 11:31:49.964052,Tablet
3102601000000476,Consumer,Essential,False,True,310-260,2024-03-09 11:31:49.964075,OnePlus
3102601000000477,Consumer,Unlimited,False,True,310-490,2021-04-30 11:31:49.964099,iPhone
3102601000000478,Consumer,Premium,False,True,310-800,2021-03-08 11:31:49.964123,Motorola
3102601000000479,Consumer,Essential,False,True,310-260,2025-01-03 11:31:49.964145,Google Pixel
3102601000000480,Consumer,Essential,False,False,310-260,2021-04-02 11:31:49.964172,Google Pixel
3102601000000481,IoT,Prepaid,False,True,310-260,2021-12-15 11:31:49.964198,Motorola
3102601000000482,IoT,Unlimited,False,True,310-260,2023-01-12 11:31:49.964219,Mobile Hotspot
3102601000000483,Consumer,Essential,False,True,310-260,2021-03-08 11:31:49.964239,Samsung Galaxy
3102601000000484,Consumer,Unlimited,False,True,310-260,2025-02-20 11:31:49.964259,OnePlus
3102601000000485,Consumer,Unlimited,False,True,310-260,2025-02-26 11:31:49.964279,IoT Module
3102601000000486,Consumer,Unlimited,False,True,310-260,2024-05-31 11:31:49.964299,iPhone
3102601000000487,Consumer,Premium,False,True,310-260,2022-06-25 11:31:49.964319,IoT Module
3102601000000488,Consumer,Prepaid,False,False,310-260,2021-01-18 11:31:49.964340,Samsung Galaxy
3102601000000489,Consumer,Premium,False,True,310-260,2025-09-19 11:31:49.964365,Motorola
3102601000000490,Enterprise,Unlimited,True,True,310-490,2022-05-06 11:31:49.964388,Tablet
3102601000000491,Consumer,Unlimited,False,True,310-260,2022-09-05 11:31:49.964409,Motorola
3102601000000492,IoT,Unlimited,False,True,310-260,2023-07-05 11:31:49.964429,IoT Module
3102601000000493,IoT,Unlimited,False,True,310-260,2021-06-28 11:31:49.964456,Samsung Galaxy
3102601000000494,Consumer,Unlimited,False,True,310-260,2025-08-12 11:31:49.964479,Google Pixel
3102601000000495,Business,Premium,True,True,310-260,2023-05-29 11:31:49.964500,Google Pixel
3102601000000496,Enterprise,Essential,True,True,310-490,2025-10-09 11:31:49.964520,Google Pixel
3102601000000497,Consumer,Unlimited,False,True,310-260,2022-12-07 11:31:49.964540,Google Pixel
3102601000000498,Consumer,Premium,False,False,310-260,2021-12-30 11:31:49.964560,iPhone
3102601000000499,Consumer,Unlimited,False,False,310-490,2021-11-11 11:31:49.964580,Motorola
3102601000000500,Consumer,Unlimited,False,True,310-260,2025-05-08 11:31:49.964600,IoT Module
3102601000000501,Consumer,Unlimited,False,False,310-260,2023-07-18 11:31:49.964620,Samsung Galaxy
3102601000000502,Consumer,Premium,False,True,310-800,2024-11-11 11:31:49.964651,Motorola
3102601000000503,Business,Unlimited,True,True,310-490,2024-05-13 11:31:49.964673,Motorola
3102601000000504,Business,Premium,True,True,310-800,2023-06-01 11:31:49.964693,OnePlus
3102601000000505,Consumer,Premium,False,True,310-490,2024-09-13 11:31:49.964713,IoT Module
3102601000000506,Consumer,Premium,False,True,310-260,2023-04-26 11:31:49.964734,OnePlus
3102601000000507,Consumer,Unlimited,False,True,310-260,2025-05-28 11:31:49.964761,OnePlus
3102601000000508,IoT,Essential,False,True,310-260,2021-02-27 11:31:49.964787,Mobile Hotspot
3102601000000509,Consumer,Unlimited,False,True,310-260,2023-03-01 11:31:49.964814,Tablet
3102601000000510,Business,Essential,True,True,310-260,2023-02-18 11:31:49.964835,Samsung Galaxy
3102601000000511,Consumer,Data-Only,False,True,310-260,2022-09-23 11:31:49.964855,Mobile Hotspot
3102601000000512,Business,Premium,True,True,310-800,2022-05-02 11:31:49.964876,IoT Module
3102601000000513,Consumer,Unlimited,False,False,310-260,2025-09-15 11:31:49.964896,Tablet
3102601000000514,Consumer,Data-Only,False,False,310-260,2021-11-14 11:31:49.964916,Samsung Galaxy
3102601000000515,Consumer,Premium,False,True,310-260,2023-04-23 11:31:49.964939,OnePlus
3102601000000516,Enterprise,Premium,True,True,310-260,2023-06-28 11:31:49.964963,Tablet
3102601000000517,Government,Essential,True,True,310-260,2025-09-02 11:31:49.964985,Mobile Hotspot
3102601000000518,Consumer,Data-Only,False,True,310-800,2023-04-07 11:31:49.965008,IoT Module
3102601000000519,Consumer,Prepaid,False,True,310-260,2024-12-01 11:31:49.965030,Google Pixel
3102601000000520,Consumer,Unlimited,False,True,310-260,2022-09-22 11:31:49.965052,OnePlus
3102601000000521,Enterprise,Premium,True,False,310-800,2023-11-20 11:31:49.965074,OnePlus
3102601000000522,Consumer,Data-Only,False,True,310-260,2021-04-14 11:31:49.965096,Mobile Hotspot
3102601000000523,Consumer,Data-Only,False,True,310-260,2024-11-29 11:31:49.965121,iPhone
3102601000000524,IoT,Unlimited,False,False,310-800,2021-03-25 11:31:49.965149,OnePlus
3102601000000525,Consumer,Premium,False,True,310-260,2023-04-16 11:31:49.965177,iPhone
3102601000000526,Government,Essential,True,True,310-260,2022-03-15 11:31:49.965199,Google Pixel
3102601000000527,Consumer,Unlimited,False,False,310-260,2023-02-05 11:31:49.965222,Tablet
3102601000000528,Enterprise,Prepaid,True,True,310-260,2024-11-15 11:31:49.965244,IoT Module
3102601000000529,Consumer,Prepaid,False,True,310-260,2022-12-16 11:31:49.965265,Tablet
3102601000000530,Consumer,Prepaid,False,True,310-260,2020-12-25 11:31:49.965288,Samsung Galaxy
3102601000000531,IoT,Premium,False,True,310-260,2023-07-28 11:31:49.965313,Tablet
3102601000000532,IoT,Essential,False,True,310-260,2025-06-11 11:31:49.965336,Mobile Hotspot
3102601000000533,Consumer,Unlimited,False,False,310-260,2023-08-02 11:31:49.965359,Samsung Galaxy
3102601000000534,Consumer,Essential,False,True,310-260,2025-01-05 11:31:49.965381,iPhone
3102601000000535,Business,Essential,True,True,310-260,2021-06-29 11:31:49.965401,Mobile Hotspot
3102601000000536,Consumer,Unlimited,False,True,310-260,2023-02-06 11:31:49.965422,Samsung Galaxy
3102601000000537,Government,Prepaid,True,True,310-260,2024-05-27 11:31:49.965442,Tablet
3102601000000538,Consumer,Essential,False,False,310-800,2025-08-17 11:31:49.965462,Tablet
3102601000000539,Consumer,Data-Only,False,True,310-260,2023-08-30 11:31:49.965489,OnePlus
3102601000000540,Consumer,Unlimited,False,True,310-260,2024-02-08 11:31:49.965511,Samsung Galaxy
3102601000000541,Enterprise,Premium,True,False,310-260,2022-04-09 11:31:49.965533,Tablet
3102601000000542,Consumer,Prepaid,False,False,310-260,2022-10-09 11:31:49.965553,Mobile Hotspot
3102601000000543,Business,Premium,True,True,310-260,2025-03-02 11:31:49.965573,Motorola
3102601000000544,Consumer,Premium,False,False,310-260,2022-07-07 11:31:49.965598,Mobile Hotspot
3102601000000545,Consumer,Premium,False,True,310-260,2025-09-17 11:31:49.965624,OnePlus
3102601000000546,Consumer,Essential,False,True,310-260,2022-01-21 11:31:49.965650,iPhone
3102601000000547,Business,Prepaid,True,True,310-260,2024-09-07 11:31:49.965675,IoT Module
3102601000000548,IoT,Unlimited,False,True,310-260,2022-05-02 11:31:49.965695,Mobile Hotspot
3102601000000549,Consumer,Unlimited,False,True,310-260,2022-01-12 11:31:49.965715,OnePlus
3102601000000550,Business,Unlimited,True,True,310-490,2022-10-21 11:31:49.965740,iPhone
3102601000000551,IoT,Unlimited,False,True,310-260,2024-05-29 11:31:49.965767,Google Pixel
3102601000000552,Business,Essential,True,True,310-260,2025-06-25 11:31:49.965795,Mobile Hotspot
3102601000000553,Business,Essential,True,True,310-260,2025-07-20 11:31:49.965816,iPhone
3102601000000554,Consumer,Unlimited,False,True,310-260,2021-06-23 11:31:49.965836,Tablet
3102601000000555,Consumer,Essential,False,False,310-800,2022-09-21 11:31:49.965857,Tablet
3102601000000556,Consumer,Prepaid,False,True,310-260,2022-02-20 11:31:49.965885,Tablet
3102601000000557,Consumer,Essential,False,True,310-490,2022-05-16 11:31:49.965907,Tablet
3102601000000558,Business,Unlimited,True,False,310-260,2023-06-29 11:31:49.965927,Motorola
3102601000000559,Enterprise,Data-Only,True,True,310-260,2025-02-28 11:31:49.965947,Mobile Hotspot
3102601000000560,Consumer,Premium,False,False,310-490,2025-05-06 11:31:49.965968,IoT Module
3102601000000561,Business,Essential,True,True,310-260,2022-06-02 11:31:49.965989,Samsung Galaxy
3102601000000562,IoT,Premium,False,True,310-260,2025-04-26 11:31:49.966014,Tablet
3102601000000563,IoT,Essential,False,True,310-260,2023-09-02 11:31:49.966037,OnePlus
3102601000000564,Consumer,Essential,False,False,310-260,2025-06-01 11:31:49.966058,Samsung Galaxy
3102601000000565,Business,Data-Only,True,True,310-260,2023-12-18 11:31:49.966078,Samsung Galaxy
3102601000000566,Consumer,Unlimited,False,True,310-260,2025-06-07 11:31:49.966098,Tablet
3102601000000567,Business,Unlimited,True,True,310-260,2020-12-22 11:31:49.966119,Google Pixel
3102601000000568,Business,Data-Only,True,True,310-490,2022-02-06 11:31:49.966139,Tablet
3102601000000569,Consumer,Unlimited,False,True,310-260,2024-01-26 11:31:49.966171,Samsung Galaxy
3102601000000570,Enterprise,Unlimited,True,True,310-800,2021-02-24 11:31:49.966203,OnePlus
3102601000000571,Enterprise,Unlimited,True,True,310-260,2024-04-12 11:31:49.966242,OnePlus
3102601000000572,Consumer,Prepaid,False,True,310-260,2023-08-12 11:31:49.966265,Samsung Galaxy
3102601000000573,Consumer,Unlimited,False,True,310-260,2021-10-14 11:31:49.966288,Google Pixel
3102601000000574,IoT,Unlimited,False,True,310-490,2022-02-10 11:31:49.966315,OnePlus
3102601000000575,Business,Unlimited,True,True,310-800,2024-12-09 11:31:49.966340,OnePlus
3102601000000576,Business,Premium,True,True,310-260,2025-07-30 11:31:49.966363,Google Pixel
3102601000000577,Consumer,Essential,False,False,310-260,2021-08-26 11:31:49.966387,iPhone
3102601000000578,Consumer,Premium,False,True,310-260,2021-06-26 11:31:49.966411,Google Pixel
3102601000000579,Consumer,Unlimited,False,False,310-490,2023-10-25 11:31:49.966433,Tablet
3102601000000580,Consumer,Premium,False,False,310-260,2022-01-26 11:31:49.966455,Mobile Hotspot
3102601000000581,IoT,Unlimited,False,True,310-490,2022-09-27 11:31:49.966476,IoT Module
3102601000000582,Business,Premium,True,True,310-260,2021-03-10 11:31:49.966498,iPhone
3102601000000583,Business,Unlimited,True,True,310-490,2021-10-29 11:31:49.966521,IoT Module
3102601000000584,Consumer,Unlimited,False,True,310-260,2024-10-17 11:31:49.966549,Samsung Galaxy
3102601000000585,Business,Premium,True,True,310-260,2023-02-24 11:31:49.966576,Motorola
3102601000000586,Consumer,Unlimited,False,True,310-490,2024-06-27 11:31:49.966602,Google Pixel
3102601000000587,IoT,Prepaid,False,False,310-490,2021-02-28 11:31:49.966623,Samsung Galaxy
3102601000000588,Enterprise,Unlimited,True,True,310-260,2021-06-02 11:31:49.966644,Mobile Hotspot
3102601000000589,Consumer,Unlimited,False,True,310-260,2025-05-16 11:31:49.966666,Motorola
3102601000000590,Consumer,Data-Only,False,True,310-260,2025-05-08 11:31:49.966687,Mobile Hotspot
3102601000000591,Consumer,Premium,False,True,310-260,2025-06-18 11:31:49.966708,Google Pixel
3102601000000592,Consumer,Unlimited,False,True,310-260,2025-07-02 11:31:49.966729,Motorola
3102601000000593,Consumer,Essential,False,True,310-260,2024-09-26 11:31:49.966751,Samsung Galaxy
3102601000000594,Consumer,Unlimited,False,True,310-490,2024-06-22 11:31:49.966772,IoT Module
3102601000000595,Consumer,Unlimited,False,True,310-800,2023-12-03 11:31:49.966793,Google Pixel
3102601000000596,Consumer,Premium,False,True,310-260,2023-10-07 11:31:49.966814,iPhone
3102601000000597,Enterprise,Essential,True,True,310-260,2025-07-10 11:31:49.966836,OnePlus
3102601000000598,Business,Data-Only,True,True,310-260,2024-06-11 11:31:49.966857,iPhone
3102601000000599,Consumer,Prepaid,False,True,310-260,2023-08-08 11:31:49.966878,IoT Module
3102601000000600,Consumer,Unlimited,False,True,310-260,2022-11-22 11:31:49.966913,Samsung Galaxy
3102601000000601,Business,Essential,True,True,310-490,2021-11-16 11:31:49.966949,iPhone
3102601000000602,Consumer,Unlimited,False,True,310-260,2021-09-27 11:31:49.966986,IoT Module
3102601000000603,Consumer,Prepaid,False,False,310-260,2025-08-11 11:31:49.967023,iPhone
3102601000000604,Business,Prepaid,True,False,310-260,2020-12-22 11:31:49.967059,Google Pixel
3102601000000605,Business,Premium,True,True,310-260,2022-12-21 11:31:49.967095,Motorola
3102601000000606,IoT,Essential,False,True,310-260,2024-10-12 11:31:49.967133,Samsung Galaxy
3102601000000607,Consumer,Prepaid,False,True,310-260,2025-06-20 11:31:49.967169,Google Pixel
3102601000000608,Consumer,Data-Only,False,True,310-260,2023-04-08 11:31:49.967206,IoT Module
3102601000000609,Consumer,Premium,False,False,310-260,2021-06-19 11:31:49.967242,IoT Module
3102601000000610,Enterprise,Unlimited,True,True,310-260,2024-05-05 11:31:49.967279,Tablet
3102601000000611,Business,Essential,True,True,310-800,2022-12-28 11:31:49.967316,Motorola
3102601000000612,Consumer,Unlimited,False,True,310-800,2023-01-28 11:31:49.967353,iPhone
3102601000000613,Business,Essential,True,True,310-260,2025-01-02 11:31:49.967389,IoT Module
3102601000000614,Consumer,Premium,False,True,310-260,2021-06-13 11:31:49.967426,OnePlus
3102601000000615,Consumer,Prepaid,False,True,310-260,2025-04-14 11:31:49.967463,Samsung Galaxy
3102601000000616,Enterprise,Premium,True,True,310-260,2022-12-23 11:31:49.967500,IoT Module
3102601000000617,Consumer,Unlimited,False,True,310-260,2023-02-18 11:31:49.967536,Motorola
3102601000000618,Consumer,Premium,False,True,310-260,2022-12-09 11:31:49.967573,Motorola
3102601000000619,Consumer,Unlimited,False,False,310-800,2023-03-06 11:31:49.967610,Samsung Galaxy
3102601000000620,Business,Premium,True,True,310-490,2021-04-08 11:31:49.967646,Samsung Galaxy
3102601000000621,Consumer,Prepaid,False,False,310-260,2021-12-22 11:31:49.967683,Google Pixel
3102601000000622,Consumer,Unlimited,False,True,310-490,2024-03-09 11:31:49.967719,OnePlus
3102601000000623,Enterprise,Essential,True,True,310-260,2021-09-20 11:31:49.967756,iPhone
3102601000000624,Consumer,Premium,False,False,310-260,2023-04-20 11:31:49.967795,Motorola
3102601000000625,Business,Premium,True,True,310-490,2024-01-16 11:31:49.967835,IoT Module
3102601000000626,Consumer,Unlimited,False,True,310-260,2023-02-10 11:31:49.967871,iPhone
3102601000000627,Consumer,Premium,False,True,310-260,2021-10-29 11:31:49.967893,iPhone
3102601000000628,Consumer,Premium,False,False,310-260,2024-09-01 11:31:49.967918,IoT Module
3102601000000629,Consumer,Data-Only,False,False,310-260,2022-01-05 11:31:49.967941,Motorola
3102601000000630,IoT,Unlimited,False,True,310-260,2023-08-08 11:31:49.967967,IoT Module
3102601000000631,Consumer,Unlimited,False,False,310-260,2022-09-30 11:31:49.967991,iPhone
3102601000000632,Consumer,Premium,False,True,310-260,2023-05-13 11:31:49.968014,Tablet
3102601000000633,Business,Unlimited,True,False,310-800,2021-05-05 11:31:49.968034,Mobile Hotspot
3102601000000634,Enterprise,Premium,True,False,310-260,2021-10-29 11:31:49.968054,Samsung Galaxy
3102601000000635,Consumer,Unlimited,False,True,310-260,2025-06-02 11:31:49.968074,iPhone
3102601000000636,Business,Prepaid,True,True,310-260,2021-06-25 11:31:49.968094,Mobile Hotspot
3102601000000637,Consumer,Unlimited,False,True,310-260,2022-02-25 11:31:49.968119,IoT Module
3102601000000638,Consumer,Prepaid,False,True,310-260,2022-04-18 11:31:49.968145,Google Pixel
3102601000000639,Business,Premium,True,True,310-800,2024-04-14 11:31:49.968165,Motorola
3102601000000640,Business,Unlimited,True,False,310-800,2023-12-24 11:31:49.968186,Tablet
3102601000000641,Consumer,Premium,False,False,310-260,2025-01-10 11:31:49.968206,Mobile Hotspot
3102601000000642,Consumer,Unlimited,False,False,310-490,2024-06-13 11:31:49.968226,iPhone
3102601000000643,Consumer,Premium,False,True,310-260,2021-11-19 11:31:49.968246,Google Pixel
3102601000000644,Business,Unlimited,True,True,310-490,2021-10-14 11:31:49.968266,Tablet
3102601000000645,Consumer,Unlimited,False,False,310-490,2025-03-06 11:31:49.968286,Google Pixel
3102601000000646,Consumer,Prepaid,False,False,310-260,2023-12-13 11:31:49.968307,IoT Module
3102601000000647,Consumer,Essential,False,True,310-260,2023-12-25 11:31:49.968327,IoT Module
3102601000000648,Enterprise,Premium,True,False,310-260,2021-05-31 11:31:49.968348,Tablet
3102601000000649,Consumer,Unlimited,False,False,310-260,2024-04-21 11:31:49.968371,Google Pixel
3102601000000650,Consumer,Data-Only,False,False,310-260,2023-06-06 11:31:49.968398,OnePlus
3102601000000651,Consumer,Premium,False,False,310-260,2021-01-15 11:31:49.968422,Tablet
3102601000000652,Consumer,Essential,False,True,310-800,2025-06-07 11:31:49.968442,Tablet
3102601000000653,Consumer,Prepaid,False,True,310-260,2021-03-04 11:31:49.968462,IoT Module
3102601000000654,Consumer,Premium,False,False,310-800,2024-09-06 11:31:49.968482,Motorola
3102601000000655,Government,Unlimited,True,False,310-260,2024-07-11 11:31:49.968503,Mobile Hotspot
3102601000000656,Consumer,Unlimited,False,False,310-490,2022-03-07 11:31:49.968528,Motorola
3102601000000657,Business,Premium,True,True,310-260,2023-08-09 11:31:49.968550,iPhone
3102601000000658,Business,Unlimited,True,True,310-260,2023-03-09 11:31:49.968570,Samsung Galaxy
3102601000000659,Business,Essential,True,True,310-800,2023-06-12 11:31:49.968591,Google Pixel
3102601000000660,Consumer,Data-Only,False,True,310-260,2022-09-16 11:31:49.968611,IoT Module
3102601000000661,Consumer,Unlimited,False,True,310-490,2021-09-26 11:31:49.968631,Google Pixel
3102601000000662,Consumer,Unlimited,False,False,310-260,2021-01-12 11:31:49.968652,Mobile Hotspot
3102601000000663,Consumer,Data-Only,False,True,310-260,2025-02-10 11:31:49.968673,IoT Module
3102601000000664,Business,Unlimited,True,True,310-800,2022-10-02 11:31:49.968693,Google Pixel
3102601000000665,Consumer,Unlimited,False,True,310-800,2022-07-10 11:31:49.968714,IoT Module
3102601000000666,Consumer,Premium,False,False,310-260,2024-06-27 11:31:49.968734,Tablet
3102601000000667,Consumer,Unlimited,False,False,310-260,2025-09-15 11:31:49.968755,Motorola
3102601000000668,Consumer,Prepaid,False,True,310-260,2021-09-20 11:31:49.968776,OnePlus
3102601000000669,Enterprise,Unlimited,True,True,310-260,2025-09-19 11:31:49.968796,Tablet
3102601000000670,Consumer,Prepaid,False,False,310-260,2022-12-23 11:31:49.968817,Samsung Galaxy
3102601000000671,Consumer,Premium,False,True,310-260,2022-06-24 11:31:49.968838,IoT Module
3102601000000672,Consumer,Premium,False,True,310-260,2025-06-23 11:31:49.968859,Tablet
3102601000000673,Consumer,Unlimited,False,True,310-800,2023-08-01 11:31:49.968880,IoT Module
3102601000000674,Consumer,Essential,False,True,310-260,2022-11-13 11:31:49.968900,Tablet
3102601000000675,Consumer,Prepaid,False,True,310-260,2024-09-11 11:31:49.968921,iPhone
3102601000000676,Consumer,Unlimited,False,True,310-260,2022-10-22 11:31:49.968942,Motorola
3102601000000677,Consumer,Essential,False,True,310-490,2024-11-14 11:31:49.968963,Google Pixel
3102601000000678,Consumer,Premium,False,False,310-800,2023-05-12 11:31:49.968984,iPhone
3102601000000679,Consumer,Premium,False,False,310-260,2025-04-01 11:31:49.969004,iPhone
3102601000000680,Business,Unlimited,True,False,310-260,2023-07-31 11:31:49.969025,Mobile Hotspot
3102601000000681,Consumer,Unlimited,False,False,310-260,2023-09-20 11:31:49.969045,Tablet
3102601000000682,Consumer,Unlimited,False,True,310-800,2021-02-09 11:31:49.969066,Samsung Galaxy
3102601000000683,Enterprise,Essential,True,True,310-260,2022-03-31 11:31:49.969087,iPhone
3102601000000684,Business,Premium,True,True,310-260,2024-03-20 11:31:49.969107,Samsung Galaxy
3102601000000685,Consumer,Essential,False,True,310-260,2022-07-25 11:31:49.969128,iPhone
3102601000000686,Consumer,Prepaid,False,True,310-260,2023-08-03 11:31:49.969148,iPhone
3102601000000687,Consumer,Data-Only,False,False,310-260,2024-03-14 11:31:49.969178,iPhone
3102601000000688,Consumer,Unlimited,False,True,310-260,2022-06-11 11:31:49.969215,Mobile Hotspot
3102601000000689,Consumer,Essential,False,False,310-260,2022-03-04 11:31:49.969251,Google Pixel
3102601000000690,Consumer,Unlimited,False,False,310-490,2025-04-09 11:31:49.969287,IoT Module
3102601000000691,Consumer,Unlimited,False,True,310-490,2023-03-08 11:31:49.969324,Mobile Hotspot
3102601000000692,Consumer,Unlimited,False,False,310-260,2023-10-24 11:31:49.969360,Google Pixel
3102601000000693,Consumer,Unlimited,False,True,310-260,2023-09-24 11:31:49.969396,iPhone
3102601000000694,IoT,Essential,False,True,310-260,2023-02-09 11:31:49.969433,OnePlus
3102601000000695,Consumer,Essential,False,False,310-260,2022-05-20 11:31:49.969469,Google Pixel
3102601000000696,Enterprise,Essential,True,False,310-260,2023-11-03 11:31:49.969505,Tablet
3102601000000697,Business,Essential,True,True,310-260,2021-11-21 11:31:49.969541,Tablet
3102601000000698,Business,Unlimited,True,True,310-260,2021-04-24 11:31:49.969577,Mobile Hotspot
3102601000000699,Consumer,Premium,False,True,310-260,2021-10-14 11:31:49.969613,iPhone
3102601000000700,Consumer,Premium,False,True,310-260,2022-05-27 11:31:49.969650,Tablet
3102601000000701,Consumer,Premium,False,True,310-800,2020-12-28 11:31:49.969685,Samsung Galaxy
3102601000000702,IoT,Essential,False,False,310-260,2025-04-17 11:31:49.969722,Motorola
3102601000000703,Business,Unlimited,True,False,310-260,2023-07-02 11:31:49.969758,Mobile Hotspot
3102601000000704,Consumer,Prepaid,False,True,310-260,2025-06-19 11:31:49.969795,Motorola
3102601000000705,Consumer,Essential,False,False,310-800,2022-04-15 11:31:49.969831,Google Pixel
3102601000000706,Consumer,Premium,False,False,310-260,2024-04-13 11:31:49.969867,OnePlus
3102601000000707,Consumer,Unlimited,False,True,310-800,2021-04-01 11:31:49.969903,IoT Module
3102601000000708,Consumer,Unlimited,False,False,310-260,2022-10-11 11:31:49.969940,Motorola
3102601000000709,Business,Premium,True,False,310-260,2024-12-18 11:31:49.969976,OnePlus
3102601000000710,Consumer,Prepaid,False,True,310-260,2022-04-07 11:31:49.970012,OnePlus
3102601000000711,Consumer,Prepaid,False,False,310-260,2023-02-04 11:31:49.970049,IoT Module
3102601000000712,IoT,Prepaid,False,False,310-260,2024-03-06 11:31:49.970085,Motorola
3102601000000713,Consumer,Essential,False,True,310-260,2021-07-07 11:31:49.970122,Samsung Galaxy
3102601000000714,Consumer,Essential,False,True,310-260,2025-09-29 11:31:49.970158,Mobile Hotspot
3102601000000715,Consumer,Premium,False,True,310-260,2022-07-02 11:31:49.970194,Google Pixel
3102601000000716,Consumer,Premium,False,False,310-260,2021-12-11 11:31:49.970231,Samsung Galaxy
3102601000000717,Consumer,Premium,False,True,310-800,2025-07-14 11:31:49.970267,Motorola
3102601000000718,Business,Essential,True,True,310-490,2024-09-19 11:31:49.970304,iPhone
3102601000000719,Consumer,Unlimited,False,False,310-260,2024-09-25 11:31:49.970340,Google Pixel
3102601000000720,Business,Prepaid,True,True,310-260,2024-06-28 11:31:49.970376,IoT Module
3102601000000721,Business,Unlimited,True,True,310-800,2023-10-02 11:31:49.970413,OnePlus
3102601000000722,Business,Unlimited,True,False,310-490,2023-05-03 11:31:49.970449,Mobile Hotspot
3102601000000723,Business,Data-Only,True,True,310-800,2022-01-23 11:31:49.970486,IoT Module
3102601000000724,Consumer,Premium,False,True,310-260,2025-09-23 11:31:49.970522,Mobile Hotspot
3102601000000725,Consumer,Unlimited,False,True,310-800,2023-05-06 11:31:49.970558,IoT Module
3102601000000726,Consumer,Unlimited,False,True,310-260,2022-03-09 11:31:49.970595,iPhone
3102601000000727,Government,Essential,True,True,310-260,2022-07-26 11:31:49.970630,iPhone
3102601000000728,Consumer,Prepaid,False,True,310-260,2022-04-11 11:31:49.970671,OnePlus
3102601000000729,Consumer,Unlimited,False,True,310-490,2022-05-29 11:31:49.970720,Samsung Galaxy
3102601000000730,Enterprise,Prepaid,True,True,310-260,2021-08-05 11:31:49.970756,OnePlus
3102601000000731,IoT,Unlimited,False,True,310-490,2023-10-24 11:31:49.970793,Mobile Hotspot
3102601000000732,Consumer,Prepaid,False,False,310-260,2022-11-30 11:31:49.970829,Mobile Hotspot
3102601000000733,Business,Essential,True,True,310-260,2025-07-26 11:31:49.970866,Google Pixel
3102601000000734,Business,Premium,True,True,310-260,2021-08-13 11:31:49.970902,iPhone
3102601000000735,Consumer,Unlimited,False,False,310-260,2022-09-03 11:31:49.970938,iPhone
3102601000000736,Government,Prepaid,True,True,310-260,2024-01-30 11:31:49.970975,Samsung Galaxy
3102601000000737,Business,Premium,True,True,310-260,2025-07-04 11:31:49.971011,iPhone
3102601000000738,Consumer,Unlimited,False,True,310-260,2025-01-19 11:31:49.971047,Samsung Galaxy
3102601000000739,Consumer,Premium,False,False,310-260,2021-06-02 11:31:49.971084,iPhone
3102601000000740,Consumer,Unlimited,False,True,310-490,2022-06-17 11:31:49.971120,Tablet
3102601000000741,Consumer,Data-Only,False,True,310-260,2024-12-12 11:31:49.971157,IoT Module
3102601000000742,IoT,Unlimited,False,False,310-260,2023-04-07 11:31:49.971193,IoT Module
3102601000000743,Business,Prepaid,True,False,310-260,2023-11-28 11:31:49.971251,Motorola
3102601000000744,Consumer,Data-Only,False,True,310-490,2024-07-28 11:31:49.971289,Google Pixel
3102601000000745,Consumer,Premium,False,True,310-800,2022-01-05 11:31:49.971326,IoT Module
3102601000000746,Consumer,Unlimited,False,True,310-260,2023-09-07 11:31:49.971362,Motorola
3102601000000747,Consumer,Essential,False,True,310-260,2023-01-02 11:31:49.971399,Google Pixel
3102601000000748,Consumer,Premium,False,True,310-490,2024-04-06 11:31:49.971427,IoT Module
3102601000000749,Business,Essential,True,False,310-490,2022-11-06 11:31:49.971448,OnePlus
3102601000000750,Business,Essential,True,True,310-490,2022-06-27 11:31:49.971468,Motorola
3102601000000751,Business,Premium,True,True,310-490,2022-04-13 11:31:49.971489,OnePlus
3102601000000752,Consumer,Unlimited,False,True,310-260,2022-12-28 11:31:49.971509,Motorola
3102601000000753,Consumer,Essential,False,True,310-260,2021-05-20 11:31:49.971540,OnePlus
3102601000000754,Consumer,Unlimited,False,True,310-260,2021-12-18 11:31:49.971561,iPhone
3102601000000755,IoT,Premium,False,True,310-260,2021-03-16 11:31:49.971581,Google Pixel
3102601000000756,Consumer,Premium,False,False,310-260,2024-12-24 11:31:49.971602,Motorola
3102601000000757,Enterprise,Premium,True,True,310-490,2025-06-10 11:31:49.971622,Mobile Hotspot
3102601000000758,Business,Premium,True,True,310-260,2024-01-15 11:31:49.971643,Samsung Galaxy
3102601000000759,Enterprise,Unlimited,True,True,310-260,2022-11-16 11:31:49.971663,Tablet
3102601000000760,Consumer,Essential,False,True,310-490,2024-04-20 11:31:49.971684,OnePlus
3102601000000761,Business,Data-Only,True,True,310-260,2023-11-22 11:31:49.971705,Mobile Hotspot
3102601000000762,Consumer,Premium,False,True,310-260,2025-07-12 11:31:49.971725,iPhone
3102601000000763,Consumer,Unlimited,False,True,310-260,2021-08-19 11:31:49.971746,Google Pixel
3102601000000764,Consumer,Essential,False,True,310-490,2021-11-11 11:31:49.971767,OnePlus
3102601000000765,Business,Unlimited,True,True,310-260,2022-08-07 11:31:49.971787,Motorola
3102601000000766,Consumer,Premium,False,True,310-490,2025-02-06 11:31:49.971808,IoT Module
3102601000000767,Consumer,Unlimited,False,True,310-260,2021-05-22 11:31:49.971828,Motorola
3102601000000768,Consumer,Premium,False,True,310-260,2025-04-03 11:31:49.971848,Google Pixel
3102601000000769,Consumer,Essential,False,True,310-490,2021-02-20 11:31:49.971869,Tablet
3102601000000770,Business,Unlimited,True,True,310-260,2025-07-01 11:31:49.971889,Motorola
3102601000000771,Consumer,Unlimited,False,True,310-260,2025-05-20 11:31:49.971910,Motorola
3102601000000772,Business,Prepaid,True,True,310-800,2021-03-01 11:31:49.971930,OnePlus
3102601000000773,IoT,Prepaid,False,True,310-260,2022-09-13 11:31:49.971951,Tablet
3102601000000774,Business,Premium,True,True,310-260,2024-07-17 11:31:49.971971,Google Pixel
3102601000000775,Consumer,Unlimited,False,True,310-490,2021-08-29 11:31:49.971992,iPhone
3102601000000776,Consumer,Essential,False,False,310-490,2021-04-29 11:31:49.972013,Samsung Galaxy
3102601000000777,Consumer,Premium,False,True,310-800,2022-02-19 11:31:49.972050,Tablet
3102601000000778,Consumer,Premium,False,True,310-260,2022-02-13 11:31:49.972086,IoT Module
3102601000000779,Consumer,Prepaid,False,True,310-260,2023-04-12 11:31:49.972123,IoT Module
3102601000000780,Consumer,Premium,False,True,310-800,2021-03-21 11:31:49.972159,OnePlus
3102601000000781,IoT,Prepaid,False,True,310-260,2022-03-31 11:31:49.972196,Google Pixel
3102601000000782,Business,Unlimited,True,False,310-490,2023-09-18 11:31:49.972232,Tablet
3102601000000783,Consumer,Unlimited,False,True,310-490,2022-04-25 11:31:49.972268,Motorola
3102601000000784,Consumer,Essential,False,False,310-260,2023-12-22 11:31:49.972305,Mobile Hotspot
3102601000000785,Consumer,Premium,False,True,310-490,2021-07-19 11:31:49.972343,Samsung Galaxy
3102601000000786,Consumer,Premium,False,False,310-260,2022-02-24 11:31:49.972379,Google Pixel
3102601000000787,Business,Essential,True,True,310-260,2025-07-15 11:31:49.972415,OnePlus
3102601000000788,Consumer,Essential,False,False,310-490,2023-05-01 11:31:49.972452,Mobile Hotspot
3102601000000789,Consumer,Premium,False,True,310-260,2022-06-25 11:31:49.972488,iPhone
3102601000000790,Consumer,Unlimited,False,False,310-260,2024-04-08 11:31:49.972525,Mobile Hotspot
3102601000000791,Consumer,Premium,False,False,310-260,2022-08-01 11:31:49.972561,Tablet
3102601000000792,Enterprise,Unlimited,True,False,310-490,2024-06-28 11:31:49.972597,OnePlus
3102601000000793,Business,Prepaid,True,True,310-260,2022-09-08 11:31:49.972634,OnePlus
3102601000000794,IoT,Prepaid,False,True,310-260,2025-05-18 11:31:49.972670,Tablet
3102601000000795,Enterprise,Data-Only,True,False,310-260,2021-02-03 11:31:49.972706,OnePlus
3102601000000796,Consumer,Premium,False,True,310-260,2024-11-23 11:31:49.972742,iPhone
3102601000000797,Consumer,Premium,False,False,310-260,2022-02-11 11:31:49.972779,Mobile Hotspot
3102601000000798,IoT,Prepaid,False,True,310-260,2023-01-08 11:31:49.972815,Motorola
3102601000000799,Consumer,Premium,False,True,310-260,2024-11-27 11:31:49.972844,Mobile Hotspot
